<?xml version="1.0" encoding="UTF-8"?>
<metadata xml:lang="en"><Esri><CreaDate>20110122</CreaDate><CreaTime>01051300</CreaTime><ArcGISFormat>1.0</ArcGISFormat><SyncOnce>TRUE</SyncOnce><DataProperties><lineage><Process Name="Near (11)" ToolSource="C:\Program Files (x86)\ArcGIS\Desktop10.0\ArcToolbox\Toolboxes\Analysis Tools.tbx\Near" Date="20110122" Time="010513">Near LoneCabbage\LC_1995 HorseShoeBch\fl_12k_2004_poly # NO_LOCATION NO_ANGLE</Process><Process ToolSource="C:\Program Files (x86)\ArcGIS\Desktop10.0\ArcToolbox\Toolboxes\Data Management Tools.tbx\AddField" Date="20110125" Time="161623">AddField LoneCabbage\LC_1995 perimeter LONG # # # # NON_NULLABLE NON_REQUIRED #</Process></lineage></DataProperties></Esri></metadata>
