Country,State,Route,Active,Latitude,Longitude,Stratum
124,04,004,0,49.8150900,-113.5698200,38
124,04,009,1,50.6014700,-113.0285200,38
124,04,013,1,51.7781800,-112.6469400,37
124,04,015,1,51.8314300,-114.4503900,30
124,04,018,1,52.4630900,-110.6512700,30
124,04,020,1,52.1720800,-112.3386100,37
124,04,022,1,52.0279900,-114.4778200,30
124,04,026,1,53.4966600,-110.8664400,30
124,04,029,1,53.6870100,-113.8854800,30
124,04,031,1,53.8027200,-115.2655100,29
124,04,032,1,53.5991700,-116.4042500,29
124,04,038,1,54.4999900,-112.9798600,29
124,04,039,1,54.8351300,-113.1581600,29
124,04,040,1,54.1203800,-114.7149100,29
124,04,042,1,54.1331100,-116.2159200,30
124,04,044,1,54.7501100,-118.2262100,30
124,04,046,1,55.5542100,-110.9070800,29
124,04,062,1,56.3628000,-117.0033500,29
124,04,063,1,56.2761100,-117.8211900,29
124,04,077,1,59.9885700,-111.8384900,25
124,04,078,1,59.3110200,-112.4871600,29
124,04,079,1,59.8617500,-111.6148400,25
124,04,105,1,49.0201000,-114.0452800,65
124,04,122,1,52.5814066,-114.4095950,30
124,04,131,1,53.7736200,-115.6118900,29
124,04,136,1,54.1805200,-110.3049400,29
124,04,138,1,54.4341400,-112.8288000,30
124,04,141,1,54.7423100,-115.7825300,29
124,04,143,1,54.3633500,-117.0365900,30
124,04,204,1,49.2617400,-113.6568300,38
124,04,227,1,53.7762400,-111.2425700,30
124,04,228,1,53.9343400,-112.7033500,30
124,04,237,1,54.4716000,-111.3793900,29
124,04,238,1,54.2392400,-112.2259100,30
124,04,240,0,54.4718100,-114.0776000,29
124,04,241,1,54.0351500,-115.1175400,29
124,04,251,1,54.9990000,-115.2599400,29
124,04,252,1,55.4323300,-116.4117000,29
124,04,310,0,50.2701700,-114.2075100,37
124,04,311,1,51.4445200,-110.9191300,37
124,04,319,1,51.9975600,-111.8144400,37
124,04,326,1,53.9914300,-110.9457500,30
124,04,329,1,53.1343000,-113.1962100,30
124,04,330,1,53.6284400,-114.3987000,30
124,04,331,1,53.6138800,-115.4511100,29
124,04,338,1,54.6733400,-112.3749300,30
124,04,340,1,54.3405900,-114.4894100,29
124,04,352,1,55.4327700,-116.3062300,29
124,04,353,1,56.0143460,-117.1853250,29
124,04,404,1,49.8757720,-114.0791140,30
124,04,430,1,53.0177200,-114.1725800,30
124,04,438,0,54.9181600,-112.0179800,29
124,04,540,1,54.4802900,-114.1532600,29
124,11,004,1,49.4616100,-115.5162400,64
124,11,011,0,49.1840200,-122.5347800,94
124,11,017,1,50.9243500,-116.4783900,64
124,11,019,1,50.4406300,-118.7433200,64
124,11,023,1,50.7898000,-122.2240700,63
124,11,033,0,51.3870400,-120.7102900,63
124,11,034,1,51.4131900,-121.9794400,63
124,11,036,1,51.5628900,-123.6974900,63
124,11,037,1,51.4895900,-124.3919400,63
124,11,045,1,52.1495200,-122.0676800,63
124,11,046,1,52.2551000,-123.5247100,63
124,11,048,1,52.5102600,-125.4072300,63
124,11,053,1,53.2789500,-120.0785000,64
124,11,057,1,53.5981100,-124.9014600,63
124,11,085,1,56.0302800,-121.9082700,29
124,11,110,1,58.8423600,-122.9158500,29
124,11,133,1,51.3870400,-120.7102900,63
124,11,167,1,54.0871500,-124.8316800,68
124,11,175,0,55.9253370,-120.9927680,29
124,11,185,1,55.5776800,-121.5912000,29
124,11,198,1,54.0308500,-132.0565100,94
124,11,199,0,53.2505100,-132.1171200,94
124,11,204,0,49.6484700,-115.6497200,64
124,11,205,1,49.0731700,-116.5226800,64
124,11,233,1,51.3166600,-120.1499900,64
124,11,234,1,51.9788500,-121.4652300,63
124,11,235,1,51.9559200,-122.4093300,63
124,11,236,1,51.7948300,-123.0701100,63
124,11,237,1,51.9825400,-124.3681300,63
124,11,244,1,52.4733100,-121.3851800,63
124,11,245,1,52.1243200,-122.3496300,63
124,11,248,1,52.2574900,-125.0894300,63
124,11,255,1,53.9421000,-122.8157000,63
124,11,256,1,53.6535600,-122.9608400,63
124,11,265,1,54.3429400,-122.6524000,63
124,11,284,1,56.5867340,-120.6356070,29
124,11,300,1,53.2080400,-131.7933400,94
124,11,304,1,49.7242100,-115.7934200,64
124,11,422,1,50.7892700,-121.6120800,64
124,43,001,1,67.1822900,-135.8025800,25
124,43,002,1,67.3409900,-134.8700900,25
124,43,003,1,67.4588000,-133.7623000,99
124,43,004,1,68.0884600,-133.4928600,99
124,43,006,0,62.5608800,-115.0877800,25
124,43,007,1,62.5253900,-114.1808900,25
124,43,008,1,61.3983100,-117.4466900,25
124,43,009,1,60.0481800,-112.7734700,29
124,43,010,1,61.4448900,-121.2376500,29
124,43,011,1,60.3044900,-123.3158000,68
124,43,012,1,65.2933600,-126.8348300,25
124,43,014,1,64.9035400,-125.6581000,25
124,43,015,1,64.5443100,-110.2060600,99
124,43,016,1,61.8325800,-121.3246200,25
124,43,020,1,61.1448340,-119.8462250,29
124,43,022,1,61.9318140,-116.4963820,25
124,43,023,1,62.4838050,-116.4850710,25
124,43,028,1,69.1874260,-133.0027170,99
124,43,106,1,62.5377600,-114.9741100,25
124,43,108,1,61.2181890,-117.5046510,29
124,45,001,1,49.8706500,-95.9751800,29
124,45,002,1,49.7267300,-96.7210800,30
124,45,005,1,49.3843600,-98.0242400,40
124,45,007,1,49.0441300,-99.2111100,37
124,45,009,1,49.3407300,-100.1271200,30
124,45,012,1,50.4131500,-95.6843100,29
124,45,013,1,50.0763800,-96.6001400,30
124,45,016,1,50.7275100,-98.2157900,30
124,45,018,1,50.1962500,-99.9793100,30
124,45,020,1,50.0489900,-100.7829800,30
124,45,021,1,50.2994800,-101.0614800,30
124,45,022,1,51.5028400,-99.2631700,30
124,45,024,1,51.5073500,-100.5573100,29
124,45,026,1,51.4037300,-101.2241500,30
124,45,030,1,52.1144500,-101.4182800,29
124,45,032,1,53.5923900,-101.4895800,29
124,45,037,1,54.5958100,-100.7999100,29
124,45,040,1,51.0090900,-95.4277100,29
124,45,041,1,51.0969800,-96.9679600,30
124,45,042,1,51.6243200,-97.4287400,30
124,45,043,1,51.0672000,-98.1185400,30
124,45,047,1,52.5454300,-98.8854000,29
124,45,048,1,52.8217300,-99.0061800,29
124,45,049,1,52.3762600,-100.9210700,30
124,45,054,0,53.1194600,-99.4492600,29
124,45,060,1,54.5602100,-98.1487100,29
124,45,061,1,54.1956300,-99.1734600,29
124,45,065,1,55.8125400,-97.9178500,25
124,45,070,1,56.4132500,-94.3586500,25
124,45,071,1,56.3962200,-95.5716600,25
124,45,077,1,56.9736300,-101.3153400,25
124,45,100,1,58.6202400,-93.8082100,99
124,45,101,1,49.4472700,-95.4077200,28
124,45,102,1,49.5648200,-96.8894100,40
124,45,109,1,49.7097900,-100.6447300,30
124,45,111,1,49.2813400,-101.3017600,30
124,45,112,1,50.5058400,-95.4697400,29
124,45,113,1,50.6655600,-96.5319000,30
124,45,114,0,50.7462600,-97.3140300,30
124,45,118,1,50.6981000,-99.4617400,30
124,45,141,1,51.6147700,-96.8260300,30
124,45,142,0,51.0826000,-97.5039000,30
124,45,154,1,53.1497400,-99.3605500,29
124,45,201,1,49.2345500,-95.4268000,28
124,45,202,0,49.6219400,-96.1848100,28
124,45,205,1,49.5113600,-98.1600400,40
124,45,207,1,49.4291100,-99.8787800,30
124,45,209,1,49.5027400,-100.7038600,30
124,45,212,1,50.0835900,-95.3923100,29
124,45,213,0,50.4447500,-96.5567700,30
124,45,214,0,50.7127500,-97.8329400,30
124,45,218,1,50.5876500,-99.4465900,30
124,45,220,1,50.8455200,-100.9047500,30
124,45,302,1,49.2214400,-96.3064400,30
124,45,303,1,49.0451400,-97.1836390,40
124,45,311,1,49.4143200,-100.9869700,30
124,45,313,1,50.1493500,-96.1778800,29
124,45,314,1,50.0104300,-97.0517900,30
124,45,320,1,50.0783600,-100.2792200,30
124,45,402,1,49.6620400,-96.0917800,28
124,45,413,1,50.4524390,-96.5691450,30
124,45,414,1,50.2706100,-97.4826700,30
124,45,514,1,50.7464500,-97.3188300,30
124,45,614,1,50.7127500,-97.8329400,30
124,62,016,1,61.0963500,-93.9836600,99
124,68,001,1,42.8912900,-79.3358100,16
124,68,002,1,42.6788500,-80.3718300,16
124,68,006,0,43.5551300,-79.7602300,18
124,68,010,1,43.7722800,-81.5323000,18
124,68,011,1,44.9477300,-75.5890500,18
124,68,014,1,44.0782000,-77.3716600,18
124,68,020,1,44.5930000,-80.7413300,18
124,68,022,1,44.3202000,-81.2331500,18
124,68,025,0,45.5646400,-76.9157300,18
124,68,028,1,45.2150800,-79.7938300,28
124,68,035,1,48.1034500,-89.6081100,28
124,68,036,1,48.3381300,-88.8038700,29
124,68,037,1,45.7893400,-81.7369900,28
124,68,038,0,45.6122600,-80.3824500,28
124,68,039,1,46.2744600,-79.0951000,28
124,68,040,0,46.1046600,-80.4940100,28
124,68,041,0,46.4661400,-81.0744000,28
124,68,043,1,49.4605700,-83.8689900,29
124,68,045,1,46.0907100,-78.8837200,28
124,68,049,1,46.4603600,-82.2942800,28
124,68,053,1,48.8459600,-93.6337600,28
124,68,055,1,50.7594200,-94.3456300,29
124,68,058,1,45.8109200,-82.8311900,28
124,68,059,1,46.7497400,-84.3600700,28
124,68,061,1,49.1501100,-85.7919900,29
124,68,062,0,48.0863600,-84.5578400,29
124,68,064,1,49.4880700,-81.4950400,29
124,68,066,1,48.6791400,-94.1630900,28
124,68,067,1,49.4294700,-82.4974900,29
124,68,068,1,49.2089300,-84.8571800,29
124,68,071,1,48.9964132,-83.0283217,29
124,68,076,1,47.5904200,-82.7608100,29
124,68,079,1,50.0370200,-92.6585500,29
124,68,080,1,49.0587400,-80.8618800,29
124,68,082,1,49.0144500,-79.8610200,29
124,68,083,1,45.4767400,-76.6212600,18
124,68,091,1,52.0616600,-90.0433300,29
124,68,092,1,51.6722500,-93.7351500,29
124,68,117,1,44.2882000,-78.0756300,18
124,68,119,1,44.3316100,-79.1837700,18
124,68,125,1,45.5646400,-76.9157300,18
124,68,131,1,49.8518200,-93.0918600,29
124,68,141,1,46.6854000,-81.0091100,28
124,68,142,1,46.2984200,-83.5505100,28
124,68,143,1,46.8943400,-83.4126300,28
124,68,144,1,46.2833500,-83.2258500,28
124,68,162,1,48.0078450,-84.7176310,29
124,68,167,1,49.4001690,-82.3684430,29
124,68,174,1,48.8170000,-81.6956600,29
124,68,175,1,47.6037000,-83.9405400,29
124,68,178,1,48.7632421,-86.5291506,29
124,68,180,1,49.4635210,-80.4193310,29
124,68,191,1,52.3084270,-90.5694330,29
124,68,210,1,43.8109100,-81.1977900,18
124,68,218,1,44.9908100,-79.5706700,18
124,68,222,1,44.0625500,-80.5354000,18
124,68,225,1,45.4745000,-76.1158300,18
124,68,228,1,45.7006600,-79.3940100,28
124,68,231,1,49.6938800,-92.9258300,28
124,68,233,1,48.5806100,-81.0119000,29
124,68,235,1,48.2936900,-89.7001200,28
124,68,237,1,48.3830700,-90.0709100,28
124,68,238,1,45.5265100,-80.2726000,28
124,68,240,1,46.6734880,-80.7496390,28
124,68,241,0,46.7955600,-81.6064300,28
124,68,242,1,46.2839000,-81.3575100,28
124,68,245,1,46.3623100,-80.4160100,28
124,68,247,1,47.9878900,-79.7707400,28
124,68,248,0,47.9596700,-80.6926400,28
124,68,249,1,46.6553740,-82.8169680,28
124,68,255,1,48.8614200,-89.1274700,29
124,68,259,1,48.2812900,-84.8853400,29
124,68,260,1,49.7346000,-86.9498700,29
124,68,265,1,49.0941200,-90.4331800,29
124,68,268,1,49.9569500,-84.1475100,29
124,68,270,1,49.6766200,-89.9296000,29
124,68,275,1,49.4312400,-86.1716200,29
124,68,278,0,47.7466400,-81.6677800,29
124,68,279,0,49.0573500,-84.0999400,29
124,68,281,1,50.1338000,-93.2064400,29
124,68,282,1,50.6373700,-93.2328900,29
124,68,285,0,50.0685000,-89.1574100,29
124,68,289,1,51.4785200,-90.1628500,29
124,68,292,1,47.5390400,-82.3901400,29
124,68,294,1,46.0146100,-79.6622600,28
124,68,296,1,45.8276100,-82.1612300,28
124,68,297,1,45.2293400,-81.7146100,18
124,68,298,1,44.7806500,-81.1237400,18
124,68,299,1,43.8987300,-80.6304700,18
124,68,306,1,43.8794200,-79.9738900,18
124,68,312,1,44.5425900,-76.6785900,18
124,68,314,1,44.5076300,-77.6709700,18
124,68,316,1,44.7436000,-78.7586800,18
124,68,317,1,44.5223800,-78.5648700,18
124,68,319,1,44.5879800,-79.0443100,18
124,68,325,1,45.3550200,-76.6442700,28
124,68,328,1,45.4550700,-79.5929000,28
124,68,330,0,49.7793300,-92.4222600,29
124,68,336,1,48.9233100,-88.8699700,29
124,68,358,1,48.7139700,-85.2294600,29
124,68,362,1,47.9395800,-84.4812400,29
124,68,373,1,48.2933800,-82.2850400,29
124,68,375,1,47.5188630,-83.6923310,29
124,68,395,1,46.9758800,-79.7973200,28
124,68,452,1,45.7280000,-79.4369900,28
124,68,901,1,44.6197200,-78.0463800,18
124,68,902,0,43.3405400,-80.3336400,16
124,68,907,1,44.3327900,-79.8801200,18
124,76,001,1,45.5541100,-76.1109800,18
124,76,025,1,47.0183900,-79.2769300,28
124,76,026,1,47.3400200,-78.5544200,29
124,76,031,1,47.8877500,-77.2919000,29
124,76,032,1,52.2444620,-78.5043780,25
124,76,040,1,47.3384400,-70.0894300,28
124,76,051,1,49.0384600,-79.1466000,29
124,76,055,1,48.8429900,-71.4545800,28
124,76,071,1,50.1392200,-77.0865800,29
124,76,073,1,49.7629600,-77.6467500,29
124,76,075,1,49.8183200,-75.0244500,29
124,76,085,1,51.3903620,-78.5318520,25
124,76,092,1,52.2288300,-77.0639000,25
124,76,095,1,50.0354300,-74.2315900,29
124,76,117,1,46.3135300,-73.0957800,18
124,76,125,1,47.2005600,-79.3673900,28
124,76,129,1,47.4971200,-76.7335200,29
124,76,132,1,47.6385400,-78.8503500,29
124,76,151,1,48.7448900,-73.5621000,29
124,76,156,1,48.0966400,-71.7868300,29
124,76,172,1,49.5602400,-78.1108100,29
124,76,176,1,49.9801600,-74.9444600,29
124,76,236,1,48.7624700,-72.7042000,29
124,76,243,1,48.1996400,-79.0168600,29
124,76,247,0,48.3573300,-77.9940800,29
124,76,345,0,48.2331500,-78.4346000,29
124,76,346,1,48.7049400,-77.9425100,29
124,76,347,1,48.3573300,-77.9940800,29
124,76,355,1,48.6653500,-71.8230200,28
124,76,443,1,48.7488600,-79.4785500,29
124,76,521,1,46.3238900,-71.8055300,18
124,76,643,0,48.1075801,-79.2585254,29
124,79,002,1,49.6100300,-102.5934400,30
124,79,020,1,51.4162800,-102.9735900,30
124,79,022,0,51.9981800,-104.8499300,30
124,79,023,1,51.1538800,-105.8452500,37
124,79,028,1,52.8244300,-102.3713100,30
124,79,031,1,52.7256800,-105.7042500,30
124,79,032,1,52.9584600,-106.7326600,30
124,79,033,1,52.2376400,-107.9789400,30
124,79,034,1,52.4057200,-108.5941900,30
124,79,038,1,53.4695500,-104.1429700,29
124,79,039,1,53.1026400,-105.8598500,29
124,79,040,1,53.7151300,-106.7304000,29
124,79,041,1,53.4825000,-107.4312200,30
124,79,042,1,53.5115400,-108.6352400,30
124,79,045,1,54.4962290,-103.8327000,29
124,79,049,1,54.7082900,-107.2342600,29
124,79,051,1,54.4774970,-109.3312510,29
124,79,055,1,55.0522430,-105.3378170,29
124,79,057,1,55.2175420,-107.3568580,29
124,79,060,1,54.1858400,-104.9217600,29
124,79,102,1,49.8346400,-102.2775600,30
124,79,118,1,50.8049600,-109.9518500,38
124,79,123,1,51.4163600,-105.8270800,37
124,79,126,1,51.9969600,-108.3585600,37
124,79,128,1,52.6660100,-102.3742900,30
124,79,129,1,52.4348000,-103.6146200,30
124,79,130,1,52.6672200,-104.2369300,30
124,79,131,1,52.9874200,-105.3415100,30
124,79,132,1,52.0567000,-106.2189900,30
124,79,133,1,52.2310900,-107.4078800,30
124,79,136,1,53.8622200,-102.9329100,29
124,79,137,1,53.6895300,-103.3344900,29
124,79,139,1,53.2923600,-105.5370200,29
124,79,140,1,53.5835700,-106.1749200,29
124,79,141,1,53.0171800,-107.5853600,30
124,79,142,1,53.2780400,-108.6250600,30
124,79,143,1,53.6002100,-109.4941700,30
124,79,144,1,54.8417140,-102.0555110,29
124,79,147,1,54.1950590,-105.6397220,29
124,79,150,1,54.4217400,-108.6277200,29
124,79,222,1,51.9981800,-104.8499300,30
124,79,229,1,52.0858200,-103.6008900,30
124,79,230,1,52.1402500,-104.5773800,30
124,79,250,1,54.0782300,-108.2775900,29
124,93,053,1,63.5579300,-137.4141100,68
124,93,115,1,60.9220400,-137.8825900,68
840,03,002,1,65.7907167,-144.0890949,25
840,03,005,1,65.5631957,-148.4178320,25
840,03,007,1,62.7247807,-143.8893879,68
840,03,010,1,63.0127307,-141.8052529,25
840,03,012,1,63.2771884,-147.9444270,68
840,03,023,1,55.5557449,-133.0848056,94
840,03,028,1,60.2959485,-151.2763427,96
840,03,030,1,61.6593477,-150.1403586,96
840,03,041,1,64.5464143,-146.9948586,25
840,03,042,0,64.8922107,-147.5414110,25
840,03,052,1,61.7342231,-144.9583298,68
840,03,060,1,58.5472473,-155.7906521,25
840,03,084,0,64.5000000,-157.0000000,25
840,03,090,0,51.8267727,-176.6358200,99
840,03,117,1,61.5869700,-149.4276000,96
840,03,118,1,60.5957398,-150.7868883,96
840,03,119,1,59.7967661,-151.7956533,96
840,03,125,1,59.4439512,-139.5646039,94
840,03,142,1,65.0544087,-146.0599662,25
840,03,180,1,59.0346173,-158.5270562,25
840,03,191,1,55.2694190,-162.8976207,99
840,03,192,1,58.6704647,-156.4585984,25
840,03,218,1,60.3668387,-151.3719470,96
840,03,221,1,56.7395445,-132.7658694,94
840,03,284,1,64.7706568,-157.0287273,25
840,03,313,1,62.3172987,-150.2366378,68
840,03,318,1,60.5259627,-150.5656383,96
840,03,319,1,59.6464107,-151.5606980,96
840,03,401,1,61.4001417,-149.8424370,96
840,03,402,1,64.4875219,-165.3122783,99
840,03,403,1,66.4417734,-150.6324337,99
840,03,404,1,67.0166107,-150.2901100,99
840,03,405,1,64.5451414,-164.4368625,99
840,03,407,1,64.0145247,-159.8094470,25
840,03,410,1,63.5963002,-158.0780083,25
840,03,412,1,56.2075277,-133.0775149,94
840,03,414,1,66.3335727,-152.9504467,25
840,03,415,1,62.9510075,-155.5890429,25
840,03,416,0,66.5800037,-151.9421260,25
840,03,417,0,61.5640897,-149.3503560,96
840,03,418,1,65.0076556,-150.6131749,25
840,03,419,1,65.4883997,-148.6547200,25
840,03,421,1,63.5830470,-157.8441809,25
840,03,422,1,64.7776327,-165.9993285,99
840,03,424,1,64.6158900,-165.3015102,99
840,03,426,1,62.0526113,-163.1690916,99
840,03,427,1,64.8314753,-166.0880717,99
840,03,428,1,64.9122387,-147.9422770,25
840,03,429,1,56.3501108,-132.7665559,94
840,03,430,0,66.6919918,-144.7314019,25
840,03,432,1,61.2964911,-149.7786148,96
840,03,434,0,59.5316820,-159.6936457,99
840,03,436,0,60.8732615,-161.6032109,99
840,03,438,1,67.8544008,-163.3028181,99
840,03,440,1,62.9117822,-155.6186013,25
840,03,442,0,59.8562241,-160.6818422,99
840,03,444,1,66.9018584,-162.5638810,99
840,03,445,1,66.2372145,-152.1177445,25
840,03,760,0,59.3271587,-161.0287160,25
840,03,811,0,67.1032427,-158.2747810,25
840,03,850,0,60.4652137,-145.3482303,96
840,03,880,0,59.2727127,-158.6213540,25
840,03,881,0,66.5989357,-159.1257000,25
840,03,882,0,66.5554507,-159.0294360,25
840,03,883,1,64.7399997,-156.9660000,25
840,03,884,0,66.8910427,-162.5535730,99
840,03,891,0,55.1689487,-162.7422930,99
840,14,003,1,41.1014068,-121.2571315,85
840,14,009,1,40.5758997,-120.6982799,85
840,14,073,1,41.6796987,-120.7128219,85
840,14,076,1,40.7999549,-120.3646258,89
840,14,151,1,41.2351468,-120.3368295,85
840,14,158,1,39.6153759,-120.4258218,85
840,14,159,1,39.4978958,-121.6093062,91
840,14,162,1,40.4932903,-120.1080006,89
840,14,165,1,41.7332787,-120.3753129,85
840,14,166,1,41.9998861,-121.8916067,85
840,14,168,1,41.8224004,-122.0111142,85
840,14,176,1,41.8190067,-121.0692617,85
840,14,177,1,41.5295757,-120.1718519,89
840,14,181,1,40.2017613,-120.6235020,66
840,14,198,1,41.7401687,-122.6334149,85
840,14,352,1,38.1231944,-121.5250760,91
840,14,405,1,41.6091794,-121.0502480,85
840,14,407,1,41.8699632,-120.5011538,85
840,14,408,1,41.0534621,-120.4745547,85
840,14,413,1,40.3052152,-121.1430890,66
840,14,414,1,40.4392679,-120.8358171,85
840,14,415,1,40.0402279,-120.9961818,66
840,14,417,1,39.5062430,-120.0962110,66
840,14,436,1,40.1541637,-120.5453404,66
840,14,901,1,41.5209207,-122.5202179,85
840,17,002,1,40.8403233,-107.6901017,86
840,17,003,1,40.1531859,-106.8749180,84
840,17,009,1,39.9658907,-107.6483229,84
840,17,018,1,38.0256780,-105.8127155,87
840,17,032,1,40.1380256,-107.9697719,84
840,17,034,1,40.8716166,-105.9079302,62
840,17,046,1,38.5920517,-106.9174979,62
840,17,125,1,37.2872957,-105.5525819,87
840,17,201,1,40.6165527,-108.6736679,84
840,17,202,1,40.2101727,-107.0331404,62
840,17,203,1,40.1331937,-106.4907839,62
840,17,302,1,40.6681037,-107.8616029,86
840,17,303,1,40.6746076,-106.9331855,62
840,17,309,1,39.0799673,-107.3678337,62
840,17,316,1,38.4648048,-107.2632899,62
840,17,322,1,37.8399527,-108.7610769,84
840,17,351,1,40.2044442,-108.7539818,84
840,17,352,1,40.0522652,-107.8736167,84
840,17,365,1,38.2700861,-108.5366804,62
840,25,010,1,30.2734632,-83.8569684,3
840,25,013,0,29.5468457,-82.2630299,3
840,25,014,1,29.1916199,-82.3948020,3
840,25,016,0,28.0363157,-82.5050049,2
840,25,017,0,27.4438745,-82.1186659,2
840,25,019,1,30.7202649,-81.9062085,3
840,25,020,1,28.3266818,-82.3022052,2
840,25,021,1,29.8970697,-81.8343049,3
840,25,022,1,28.1788407,-81.8605659,2
840,25,023,0,28.5723877,-81.9816829,2
840,25,024,1,27.3232866,-81.4189503,2
840,25,025,1,28.7481187,-80.8712309,2
840,25,026,1,26.2943143,-81.4485610,2
840,25,027,1,27.6610372,-82.1462286,2
840,25,028,1,25.7510497,-80.9676799,2
840,25,029,0,27.9009147,-81.7191149,2
840,25,030,1,27.9626301,-80.9673345,2
840,25,031,0,26.9657323,-80.3854635,2
840,25,032,0,26.7792597,-81.9372109,2
840,25,035,0,25.6579667,-80.7663639,1
840,25,040,0,26.0594807,-80.4340449,1
840,25,056,1,30.2929508,-83.6676053,3
840,25,058,1,30.3506092,-83.3399191,3
840,25,063,1,29.5359317,-81.8774959,3
840,25,064,1,29.4080424,-81.1983453,2
840,25,065,0,29.1174077,-82.2183149,3
840,25,066,1,28.6471072,-82.1719367,2
840,25,067,1,28.1011187,-80.8980039,2
840,25,068,1,28.6901383,-81.5469756,2
840,25,069,1,28.3225489,-81.3372759,2
840,25,070,0,27.7698971,-82.3349393,2
840,25,071,0,27.2920427,-82.0563269,2
840,25,072,0,27.4266407,-81.5833199,2
840,25,073,1,27.7611546,-81.4536353,2
840,25,074,1,27.2364427,-80.5471555,2
840,25,078,0,25.6040397,-80.4097679,1
840,25,081,1,26.5587549,-81.1267110,2
840,25,082,1,26.8751997,-81.3585199,2
840,25,085,1,28.2764097,-82.6352619,2
840,25,086,1,26.9459847,-81.7610009,2
840,25,087,1,25.9322682,-81.6570333,1
840,25,088,1,26.7503280,-80.9020320,1
840,25,113,1,29.4553574,-82.1190940,3
840,25,116,1,28.0402277,-82.5089729,2
840,25,117,1,27.4318560,-82.4068620,2
840,25,123,1,28.5723877,-81.9816820,2
840,25,129,1,27.9007144,-81.7191254,2
840,25,131,1,27.0407910,-80.3684670,2
840,25,132,1,26.9297114,-82.0333415,2
840,25,135,1,25.1388716,-80.9335333,1
840,25,165,1,29.1871917,-82.2851269,3
840,25,170,1,27.7699290,-82.3349360,2
840,25,171,1,27.2920427,-82.0563269,2
840,25,172,1,27.4972377,-81.6004029,2
840,25,175,1,27.8610752,-80.4489977,2
840,25,903,1,29.3967527,-81.8082819,2
840,25,905,1,28.5817572,-82.1873953,2
840,25,906,1,28.3029119,-81.9184945,2
840,25,907,1,25.4058076,-80.6136693,1
840,25,909,1,29.0970600,-82.5826000,3
840,25,910,1,26.8177916,-81.9247336,2
840,25,911,1,26.8544437,-80.2678139,2
840,25,912,1,26.3353906,-80.5399018,1
840,25,913,0,26.8333333,-81.6833333,2
840,25,916,1,26.9950167,-81.9587398,2
840,25,918,0,28.5692767,-80.9969329,3
840,25,919,1,26.9941297,-80.5737674,2
840,25,922,1,28.6793707,-82.5663679,2
840,27,003,1,31.3641465,-81.4181496,3
840,27,004,1,30.9276387,-83.0293039,3
840,27,017,0,31.1987087,-82.2305739,3
840,33,008,1,45.8118141,-115.6810610,64
840,33,010,1,45.0341095,-113.5624829,65
840,33,011,0,44.5814347,-116.0405729,65
840,33,012,1,44.4572034,-115.0979702,64
840,33,013,1,44.6127281,-114.1743245,65
840,33,014,1,44.7223590,-113.5203605,65
840,33,016,1,44.0271337,-111.2586979,65
840,33,018,1,43.7258179,-115.9510940,64
840,33,019,0,43.8977317,-114.9073789,64
840,33,021,1,43.1104288,-112.7317982,89
840,33,023,1,42.8131415,-116.6394012,89
840,33,025,1,42.3311564,-114.2794532,88
840,33,028,0,42.9309637,-111.5524589,88
840,33,111,1,44.4138961,-116.0315611,65
840,33,119,0,43.9110934,-114.8761118,64
840,33,128,1,42.9613154,-111.7185508,89
840,33,208,1,45.3420792,-115.9475939,64
840,33,211,1,44.1957002,-116.5087254,89
840,33,212,1,44.9600847,-115.4933479,64
840,33,214,1,44.2330004,-113.3704824,65
840,33,218,1,43.4135132,-115.3610245,64
840,33,219,1,43.4007821,-114.2522640,89
840,33,220,1,43.3387265,-113.8743621,89
840,33,221,1,43.8124267,-112.3960119,89
840,33,222,1,43.8248162,-111.2006106,65
840,33,223,1,42.6439302,-116.9936762,89
840,33,226,1,42.2100017,-113.8402099,88
840,33,227,1,42.4988307,-112.3918149,88
840,33,228,1,42.0021387,-111.9538098,88
840,33,319,1,43.9110934,-114.8761110,64
840,34,014,1,41.9335847,-88.1879809,31
840,34,018,1,41.4686591,-87.9645990,16
840,34,051,1,38.6981367,-89.5364836,31
840,34,065,1,42.1401616,-89.7648861,17
840,34,066,1,42.3994754,-88.9154674,16
840,34,069,1,41.3114360,-88.5903464,31
840,34,082,1,42.4580640,-88.5402440,16
840,34,302,1,42.4617907,-89.3817229,17
840,34,303,0,42.2186307,-88.5617669,16
840,34,305,1,41.8306867,-89.6694319,32
840,35,006,1,41.7259077,-85.6760109,16
840,35,009,1,41.6024567,-84.9394079,16
840,35,011,1,40.4076491,-87.0361216,31
840,35,019,1,40.8532797,-85.9044039,31
840,35,103,1,41.6368887,-86.3655159,16
840,35,108,1,41.1013504,-85.8354611,16
840,35,201,1,41.5361624,-87.1967394,16
840,35,301,1,41.3911052,-87.3693435,16
840,35,303,1,41.7506020,-85.4765733,16
840,35,304,1,41.0798684,-84.9237731,31
840,35,901,1,41.7046400,-86.9325362,16
840,35,903,1,41.0474227,-87.4511851,16
840,36,006,1,41.9751747,-90.2964159,32
840,36,030,1,43.3492727,-92.2585749,32
840,47,014,1,42.2697823,-72.3589728,12
840,49,001,1,46.8708967,-89.3135462,28
840,49,002,1,46.6630819,-89.5588862,28
840,49,003,1,46.4189747,-89.6936659,28
840,49,004,1,47.1191407,-88.3459559,28
840,49,005,1,46.1592602,-88.3744415,28
840,49,006,1,46.6434788,-88.3398026,28
840,49,007,1,46.0873471,-88.1590860,28
840,49,008,1,46.2388167,-88.7363589,28
840,49,009,1,46.3041157,-87.1371679,28
840,49,010,1,46.3252627,-87.7825469,28
840,49,011,1,46.5791318,-87.8440118,28
840,49,012,1,45.6475737,-87.4492339,28
840,49,013,1,45.8394617,-87.6147779,28
840,49,014,1,46.3573017,-86.3861779,28
840,49,015,1,46.3459485,-86.2594019,28
840,49,016,0,45.9415397,-86.7090609,28
840,49,017,1,44.4308000,-86.1283614,20
840,49,018,1,43.9040607,-86.2186454,20
840,49,019,1,43.4369027,-86.2366709,20
840,49,020,1,42.0832547,-86.0308829,16
840,49,021,1,42.5137079,-86.1296892,20
840,49,022,1,41.8738037,-86.5500939,16
840,49,023,1,46.6724597,-85.7410523,28
840,49,024,1,46.6107147,-85.2062669,28
840,49,025,1,46.1439425,-85.3837115,28
840,49,026,0,45.0543537,-85.1711649,20
840,49,027,1,44.2802984,-85.1345507,20
840,49,029,1,44.8226403,-85.3516521,20
840,49,032,1,42.5960376,-85.1341660,16
840,49,033,1,43.0602167,-85.8872149,16
840,49,034,0,43.1120407,-85.1933829,16
840,49,035,1,42.2526585,-85.4136135,16
840,49,036,1,42.0493317,-85.7234329,16
840,49,037,1,42.6383227,-85.8399439,20
840,49,038,1,43.5961937,-85.1256579,20
840,49,039,1,41.7653686,-85.7505398,16
840,49,040,1,46.3398246,-84.7918605,28
840,49,041,1,46.2155937,-84.3634339,28
840,49,042,1,45.6460027,-84.5908579,28
840,49,044,1,45.1017647,-84.0062419,28
840,49,045,1,44.0897553,-84.5561649,20
840,49,047,1,44.8411714,-84.2523673,20
840,49,048,1,44.0453127,-84.4865949,20
840,49,050,1,43.7272500,-84.4869421,20
840,49,051,1,43.1829747,-84.5235839,16
840,49,052,1,43.0899857,-84.6600329,16
840,49,053,0,42.7647917,-84.1820229,16
840,49,054,1,42.6259987,-84.5428779,16
840,49,055,1,42.1013065,-84.8081892,16
840,49,056,1,42.5834987,-84.1687459,16
840,49,058,1,41.8177964,-84.4196082,16
840,49,059,1,45.1623677,-83.4954069,20
840,49,061,1,44.3339914,-83.6808466,20
840,49,063,1,43.3504847,-83.4224989,16
840,49,066,0,42.4612927,-83.6658459,16
840,49,071,1,43.6676047,-82.8983389,16
840,49,116,1,45.9415397,-86.7090600,28
840,49,126,1,44.9421489,-85.1220656,20
840,49,131,1,43.7069417,-85.4353239,20
840,49,134,1,43.1119365,-85.1936610,16
840,49,143,1,45.2643001,-84.9831944,20
840,49,153,1,42.7647917,-84.1820229,16
840,49,162,1,44.8590077,-83.6078119,20
840,49,165,1,43.2370751,-83.2549351,16
840,49,166,1,42.7553807,-83.1776269,16
840,49,167,0,42.4424947,-83.8067849,16
840,49,168,0,42.6793387,-83.3724184,16
840,49,230,1,44.7824305,-85.8088908,20
840,49,267,1,42.4425930,-83.8064798,16
840,49,900,1,43.7144577,-85.4057859,20
840,49,901,1,46.1975227,-89.0722649,28
840,49,902,1,46.2449441,-84.7221109,28
840,49,903,1,46.4808218,-85.0629852,28
840,49,904,1,46.3310416,-84.8063279,28
840,49,905,0,41.8849487,-86.4515529,16
840,49,906,1,46.3159077,-86.0117659,28
840,49,907,1,42.6234117,-86.0738369,20
840,49,908,1,46.5066027,-88.7300039,28
840,49,909,0,42.3487507,-85.7452919,16
840,49,910,0,42.5738567,-85.4654859,16
840,49,911,0,46.3768290,-86.7691831,28
840,49,912,0,46.3274490,-86.8324562,28
840,49,913,0,46.1535780,-86.8315043,28
840,49,914,0,46.2484302,-86.6055390,20
840,49,915,0,46.0094706,-86.4552370,20
840,49,916,1,42.5738567,-85.4654859,16
840,50,001,1,43.8139858,-91.6904455,17
840,50,003,1,43.8179682,-93.4993444,40
840,50,007,1,44.2229204,-92.2705246,17
840,50,008,1,44.6596006,-93.3337301,32
840,50,009,1,44.9742150,-93.4715910,40
840,50,015,1,45.6049323,-93.8828669,20
840,50,016,1,45.1025755,-93.4714512,40
840,50,017,1,45.1642488,-94.1968580,40
840,50,018,1,45.7028381,-94.2849051,20
840,50,020,1,45.0215533,-95.4320570,40
840,50,022,1,46.7041860,-92.6394206,28
840,50,023,1,46.2421178,-93.8074399,20
840,50,024,1,46.3671876,-93.6014381,28
840,50,025,1,46.8020456,-94.5135819,20
840,50,026,1,46.7546470,-94.3650170,20
840,50,027,1,46.4410069,-95.9888795,20
840,50,028,1,46.7456606,-95.4769368,20
840,50,031,1,47.9338065,-89.9767373,28
840,50,035,1,47.0684835,-92.9862729,28
840,50,037,1,47.3402700,-93.6399400,28
840,50,038,1,47.6168332,-93.1946352,28
840,50,041,1,47.7638545,-95.8371369,30
840,50,042,1,47.7819310,-95.1322930,28
840,50,043,1,47.5136293,-96.6336288,40
840,50,044,1,47.9052911,-96.3099816,30
840,50,046,1,48.2863627,-93.5511929,28
840,50,047,1,48.9594807,-94.9927589,28
840,50,048,1,48.2658023,-94.5534156,28
840,50,049,1,48.0787087,-95.6360169,30
840,50,050,1,48.3032362,-95.5729652,30
840,50,051,1,48.7823598,-96.0733136,30
840,50,052,1,48.8180070,-96.5804121,30
840,50,054,1,43.6016207,-92.5292739,32
840,50,055,1,43.6884582,-93.0194666,32
840,50,059,1,44.4856298,-93.7073028,40
840,50,063,1,45.9187187,-93.0208129,20
840,50,064,1,45.2573787,-94.8259589,40
840,50,065,1,45.5994247,-95.2156759,40
840,50,067,1,46.5918377,-92.7409299,28
840,50,068,1,46.3901207,-93.0960859,28
840,50,069,1,46.3731723,-94.1041272,20
840,50,070,1,46.1225194,-95.8646727,40
840,50,072,1,47.5532344,-91.3425740,28
840,50,073,1,47.7622203,-92.0002907,28
840,50,074,1,47.7963921,-93.9058145,28
840,50,076,0,47.4325657,-95.5935279,20
840,50,080,1,48.4244641,-94.9500610,28
840,50,081,1,48.7854856,-95.3086167,30
840,50,082,1,48.7754769,-96.3165607,30
840,50,153,1,43.5007917,-91.2948909,17
840,50,179,1,48.1329177,-93.3426069,28
840,50,900,1,45.5088447,-93.7211369,20
840,50,902,1,47.0742867,-95.5729459,20
840,51,029,0,30.3885217,-88.6519849,3
840,51,129,0,30.5101687,-88.7825559,3
840,51,229,1,30.4987757,-88.7992689,3
840,52,071,1,40.0254620,-95.0331182,32
840,53,002,1,48.1080187,-114.4619289,65
840,53,003,0,48.8084087,-113.4130179,65
840,53,007,1,48.2967897,-109.0648339,39
840,53,015,1,47.1824757,-113.9489899,64
840,53,016,1,47.3060617,-112.4118119,65
840,53,017,1,47.4941887,-111.2628629,38
840,53,018,1,47.5054097,-110.8958659,39
840,53,020,1,47.2705926,-108.8010122,39
840,53,021,1,47.4988060,-107.3129313,39
840,53,026,1,46.7236933,-113.6681583,64
840,53,027,1,46.6205137,-112.4949499,65
840,53,028,1,46.1235467,-111.9188609,65
840,53,029,1,46.3295907,-110.0515279,65
840,53,030,1,46.1032917,-109.6664819,39
840,53,031,0,46.9022197,-108.3468089,39
840,53,033,1,46.2579454,-106.6939401,39
840,53,035,1,46.1128407,-104.4950949,39
840,53,036,1,45.8507057,-113.9522469,64
840,53,037,0,45.3055747,-112.5643159,65
840,53,038,0,45.9146442,-111.7636564,65
840,53,039,1,45.5761407,-110.7878949,64
840,53,040,1,45.7251707,-109.5466543,65
840,53,041,1,45.5642095,-108.7802397,39
840,53,042,0,45.4319207,-107.7207419,39
840,53,043,1,45.8279275,-106.4290921,39
840,53,045,1,45.3107762,-104.4650383,39
840,53,046,1,44.5869032,-112.0258030,65
840,53,047,1,44.5987327,-111.5237969,65
840,53,064,1,47.0312302,-114.3938692,64
840,53,074,1,47.6601727,-114.1345589,65
840,53,087,1,45.5347235,-113.0794573,65
840,53,097,1,44.5611413,-112.7108930,65
840,53,103,1,48.8083870,-113.4129200,65
840,53,131,1,46.9022197,-108.3468000,39
840,53,137,1,45.3790727,-112.6419759,65
840,53,138,1,45.9146442,-111.7636560,65
840,53,142,1,45.5193860,-107.7016310,39
840,53,303,1,48.2122340,-112.6360500,65
840,53,306,1,48.5153980,-109.2121060,38
840,53,307,1,48.0865360,-108.1703080,38
840,53,308,1,48.7565570,-107.1189090,38
840,53,312,1,47.8851395,-113.8658750,64
840,53,313,1,47.0270330,-112.0506250,65
840,53,315,1,47.3462700,-110.8128570,65
840,53,317,1,47.0749950,-108.1237430,39
840,53,322,1,46.0839170,-113.5068820,64
840,53,323,1,46.4813620,-112.0065890,65
840,53,324,0,46.8819560,-111.3586270,65
840,53,325,1,46.8856870,-110.2534200,65
840,53,327,1,46.7274050,-108.9340380,39
840,53,329,1,46.9904330,-106.2685720,39
840,53,332,1,45.1288300,-112.1729050,65
840,53,333,1,45.7436180,-111.2449870,65
840,53,334,1,45.8738370,-110.7245650,65
840,53,335,1,45.9161480,-109.0596990,39
840,53,336,1,45.3751070,-108.0587690,64
840,53,341,1,44.8526210,-111.0627760,64
840,53,424,1,46.6757050,-111.1407220,65
840,53,800,1,48.6986692,-114.1929772,64
840,53,956,1,47.0307201,-113.2372610,65
840,54,040,1,41.6980247,-103.9868089,36
840,54,130,1,42.2789651,-103.6599064,36
840,54,300,1,42.2787030,-103.5228820,36
840,55,004,1,41.2263817,-116.5900339,88
840,55,005,0,41.0704517,-115.9007665,88
840,55,006,1,41.9460977,-114.0728079,88
840,55,011,1,40.0935212,-115.6324132,88
840,55,015,1,39.0044442,-117.4662536,88
840,55,016,1,39.5518146,-116.3870941,88
840,55,018,1,39.2075029,-114.4976522,88
840,55,019,0,39.0037402,-119.8462197,88
840,55,022,1,38.8779597,-116.4033739,88
840,55,024,1,38.7946177,-114.5604399,88
840,55,027,1,37.6075607,-115.0336839,80
840,55,037,0,41.9347177,-115.4191359,88
840,55,043,0,40.3534367,-115.6277619,88
840,55,101,1,41.8335510,-119.6696108,89
840,55,103,1,41.4177434,-117.4503139,88
840,55,119,1,39.0037402,-119.8462100,88
840,55,143,1,40.1798727,-115.4929227,88
840,55,901,0,39.1598606,-114.8025242,88
840,55,902,1,41.7889927,-115.9521789,88
840,55,907,0,41.7723066,-119.1199346,89
840,64,007,1,47.8456380,-97.6029243,40
840,64,008,1,47.9619307,-97.4077439,40
840,64,011,1,47.0675197,-99.6292032,38
840,64,017,1,48.7474635,-99.6133701,37
840,64,018,1,48.2672307,-99.3513109,37
840,64,028,1,48.4004127,-100.6573939,37
840,66,017,0,41.4687714,-81.0750897,24
840,66,042,1,40.4600977,-82.7639629,31
840,69,006,1,45.2238277,-118.9095229,65
840,69,010,0,44.4740348,-122.2280527,67
840,69,013,1,44.2168556,-119.2408498,65
840,69,014,1,44.1328667,-118.5877689,65
840,69,015,1,44.5020757,-117.9704899,65
840,69,023,1,43.6934896,-118.5355243,65
840,69,028,0,42.3739810,-121.8048799,85
840,69,029,1,42.6688651,-120.7933580,85
840,69,030,0,42.9546357,-119.0157629,89
840,69,031,1,42.3476700,-118.6488892,89
840,69,039,0,42.1561397,-120.9364169,85
840,69,048,1,44.4171957,-119.1134189,65
840,69,049,1,44.9134489,-118.4006221,65
840,69,054,1,43.7011047,-119.6283029,65
840,69,055,0,43.2474327,-118.5823739,89
840,69,060,0,42.4414407,-121.0171359,85
840,69,061,1,42.0147517,-119.4780049,89
840,69,062,1,42.9576667,-118.8677979,89
840,69,120,1,43.5937764,-121.8331858,67
840,69,136,1,44.3417036,-120.5617158,65
840,69,139,1,42.1429531,-120.9225538,85
840,69,155,1,43.2474197,-118.5824279,89
840,69,160,1,42.3899900,-121.0174500,85
840,69,212,1,44.4616613,-120.1210669,65
840,69,214,1,44.4808587,-118.2260359,65
840,69,222,1,43.2106357,-119.0159679,89
840,69,223,1,43.5866262,-118.5897464,89
840,69,228,1,42.2676287,-121.4868428,85
840,69,229,1,42.3450345,-120.7495196,85
840,69,230,1,42.6188696,-119.6736929,89
840,69,231,1,42.6557897,-118.9886249,89
840,69,246,1,43.9679287,-120.1643219,89
840,69,249,1,43.3301972,-117.0840300,89
840,69,251,1,42.7381828,-122.5754307,93
840,69,252,1,42.8675627,-121.8315359,85
840,69,253,1,42.0624827,-120.1599889,85
840,69,254,1,42.5779778,-119.5878481,89
840,69,255,1,42.0023607,-118.6336519,89
840,69,256,1,42.5261832,-117.1751241,89
840,72,008,1,41.7528857,-79.9481349,24
840,85,002,1,41.2587657,-112.4954989,88
840,85,004,1,40.4591417,-114.0286489,80
840,85,005,0,40.7463847,-112.6528009,80
840,85,006,0,40.0466577,-111.2812269,62
840,85,011,1,39.9004437,-111.9543769,88
840,85,012,1,39.5972957,-110.5606389,87
840,85,024,1,41.9667767,-113.6309279,88
840,85,034,1,39.5919247,-111.2646329,62
840,85,103,1,41.5760447,-111.5635369,62
840,85,104,1,40.0358487,-113.9835809,80
840,85,106,0,40.2788117,-111.2188649,62
840,85,107,1,40.8753817,-110.8317029,62
840,85,108,1,40.3698817,-109.3309479,87
840,85,152,1,41.5821437,-112.0839389,88
840,85,153,1,41.7238327,-111.3388129,86
840,85,155,1,40.0122597,-112.4592049,88
840,85,156,1,40.5815707,-111.0483399,62
840,85,157,0,40.5509217,-110.7313849,62
840,85,159,1,39.8792347,-113.2671429,80
840,85,161,1,39.2398577,-111.8590009,84
840,85,162,1,39.2209137,-110.9978409,87
840,85,174,1,40.0466577,-111.2812200,62
840,85,203,1,41.6247767,-111.7942819,84
840,85,206,1,40.2440617,-111.1566919,62
840,85,301,1,41.8445587,-113.7944189,88
840,85,302,1,41.8927397,-112.7760009,80
840,85,305,1,40.5999027,-112.4806369,80
840,85,306,1,40.6360057,-111.3142929,62
840,85,307,1,40.4606587,-110.8925939,84
840,85,311,1,39.3222457,-111.4426679,62
840,85,316,1,38.3096747,-111.5181729,84
840,85,412,0,39.6723067,-110.6278600,87
840,85,901,1,41.2755777,-111.2019889,86
840,85,902,1,41.3279017,-111.3275829,62
840,85,903,1,41.2613107,-111.1787939,86
840,85,904,1,41.8244667,-111.2935569,86
840,85,906,1,41.8017747,-111.5600429,62
840,85,909,1,41.5241614,-111.1629964,86
840,85,910,1,41.6908333,-111.0752778,86
840,89,016,1,47.7305767,-117.9280779,65
840,89,145,1,46.9125327,-119.3681329,89
840,91,002,1,46.5232187,-91.4282439,28
840,91,003,1,46.0670957,-91.8218079,28
840,91,005,1,46.7999037,-90.9468609,28
840,91,006,1,46.1105637,-90.7900389,28
840,91,007,1,46.3414537,-90.1542219,28
840,91,008,0,46.1709797,-89.6003879,28
840,91,009,1,45.0280407,-92.7478269,17
840,91,010,1,45.3718767,-92.6673889,20
840,91,011,1,45.9602047,-92.4981849,20
840,91,012,1,45.5969217,-92.2379749,20
840,91,013,1,45.5385417,-91.8894659,20
840,91,014,1,45.3129597,-91.4793629,20
840,91,015,1,45.8737727,-91.2353139,28
840,91,016,1,45.7114417,-91.1942679,20
840,91,017,1,45.1410957,-90.7920749,20
840,91,018,0,45.0888697,-90.5360189,20
840,91,019,1,45.6572627,-90.1872869,28
840,91,020,1,45.3240447,-90.0875099,20
840,91,021,1,45.2325217,-89.2840419,20
840,91,022,1,45.3150927,-89.6369409,28
840,91,023,1,45.7693237,-89.5094999,28
840,91,024,1,45.9284757,-89.1549899,28
840,91,025,1,45.8427157,-88.8778549,28
840,91,026,1,45.4638297,-88.7750249,28
840,91,027,1,45.3745537,-88.6286329,28
840,91,028,1,45.5054967,-88.0179749,28
840,91,029,1,45.4469757,-87.8743129,28
840,91,030,1,45.3659387,-86.9307629,28
840,91,032,1,44.1920937,-91.7837359,17
840,91,033,1,44.4009957,-91.6793739,17
840,91,034,1,44.0129837,-91.3711239,17
840,91,035,1,44.9295287,-91.1258789,20
840,91,036,1,44.8143967,-90.3574219,20
840,91,037,0,44.4222247,-90.7311179,20
840,91,038,1,44.1973007,-90.3827969,20
840,91,039,1,44.6989087,-90.0650949,20
840,91,040,1,44.4454137,-89.8554319,20
840,91,041,1,44.6134037,-89.4892659,20
840,91,042,1,44.7766037,-89.2453309,20
840,91,043,1,44.2134397,-89.0520699,17
840,91,044,1,44.4254667,-88.9513789,20
840,91,045,1,44.8797447,-88.1726309,20
840,91,046,0,44.0331367,-88.7042539,16
840,91,047,1,44.6191537,-88.7788779,20
840,91,048,1,44.0520617,-87.7016689,16
840,91,049,1,44.5887327,-87.6425339,16
840,91,050,1,43.7898747,-91.0057829,17
840,91,052,1,43.3269947,-90.7422119,17
840,91,053,1,43.8227657,-90.2094039,17
840,91,054,1,43.7857987,-90.3552409,17
840,91,055,1,43.4457507,-89.8669289,17
840,91,056,1,43.5381577,-89.2274789,16
840,91,057,1,43.9129677,-89.1280059,17
840,91,058,1,43.4580257,-89.0411229,16
840,91,059,1,43.6162427,-88.4804309,16
840,91,060,1,43.4565557,-88.7352209,16
840,91,061,1,43.4992847,-88.9008629,16
840,91,062,1,43.6599137,-88.3351209,16
840,91,063,1,43.3759057,-87.8785709,16
840,91,066,1,42.6391427,-89.9655699,17
840,91,068,1,42.9178507,-88.7095809,16
840,91,069,1,42.6113857,-88.0517639,16
840,91,070,1,42.8005177,-87.9862509,16
840,91,108,1,46.1709797,-89.6003879,28
840,91,118,1,45.0884697,-90.5367439,20
840,91,137,1,44.4222277,-90.7309499,20
840,91,146,1,44.0331367,-88.7042530,16
840,91,167,1,43.0002617,-89.6668479,17
840,91,301,1,46.6330277,-91.9549099,28
840,91,302,1,46.3269267,-90.9078369,28
840,91,303,1,46.0476047,-89.2588499,28
840,91,304,1,45.7427327,-92.4933019,20
840,91,305,1,45.8488177,-91.3051159,20
840,91,306,1,45.8427177,-90.6226889,28
840,91,307,1,45.6998027,-89.1251229,28
840,91,308,1,45.6577778,-88.8205556,28
840,91,310,1,44.7379837,-91.7922969,17
840,91,311,1,44.8877797,-90.3147969,20
840,91,312,1,44.0829597,-89.5982599,20
840,91,313,1,44.9221977,-88.9391789,20
840,91,314,1,44.1095107,-87.8918599,16
840,91,316,1,43.0391137,-90.6626669,17
840,91,317,1,43.5621967,-89.5292049,17
840,91,318,1,43.8770447,-88.0415409,16
840,91,319,1,42.9378547,-90.2112029,17
840,91,320,1,42.5113107,-89.1104419,16
840,91,321,0,42.9591777,-88.2590119,16
840,91,322,1,44.3429157,-88.0496139,16
840,91,421,1,42.9592306,-88.2762261,16
840,92,001,1,44.9160067,-110.4156649,64
840,92,002,1,44.4668237,-109.1344079,86
840,92,003,1,44.3749577,-108.1427379,86
840,92,004,1,44.4079997,-107.9889900,86
840,92,005,1,44.7890327,-106.7184519,39
840,92,008,0,43.9952427,-110.6728979,64
840,92,009,1,43.4174237,-109.4431149,86
840,92,010,1,43.2006597,-108.4018859,86
840,92,011,1,43.5968807,-107.4300839,86
840,92,015,1,42.0737597,-110.1608579,86
840,92,016,1,42.4268457,-109.2682039,86
840,92,021,1,42.2056027,-104.9674979,39
840,92,022,1,41.2728697,-110.7646789,86
840,92,025,1,41.0037197,-107.3612059,84
840,92,026,1,41.2001097,-106.6531979,86
840,92,028,1,42.0167727,-104.2862009,36
840,92,030,1,44.8808077,-110.7342539,64
840,92,031,0,44.3166667,-110.6166667,64
840,92,032,1,44.9304357,-109.7260819,64
840,92,033,1,44.8424287,-109.1482929,86
840,92,035,1,44.9692707,-108.6212999,86
840,92,036,1,43.6524547,-110.7110669,64
840,92,037,1,44.8406227,-108.3517149,86
840,92,038,1,44.0919600,-108.7000130,64
840,92,039,1,44.0342197,-107.4513399,86
840,92,040,1,44.9582907,-107.2723989,39
840,92,046,1,44.6571037,-105.3472599,39
840,92,051,1,43.1751987,-111.0315169,64
840,92,052,1,43.5440727,-110.8569409,64
840,92,053,1,43.5337167,-109.6336139,64
840,92,055,1,43.2704237,-109.0314339,86
840,92,056,1,43.0251777,-108.7742309,86
840,92,057,1,43.7078607,-108.7150189,86
840,92,058,1,43.7997187,-108.2157059,86
840,92,060,1,43.2696147,-107.6895359,86
840,92,061,1,43.9788367,-107.9682469,86
840,92,063,1,43.8383240,-106.8388700,39
840,92,064,1,43.6495507,-106.1980599,39
840,92,068,1,43.4078737,-104.2003559,39
840,92,071,1,42.7688427,-110.4963149,64
840,92,072,1,42.4891207,-110.8371659,64
840,92,073,0,42.8832047,-110.0009079,86
840,92,074,1,42.8336867,-109.6728209,86
840,92,075,1,42.6916837,-109.5205689,86
840,92,076,1,42.0970487,-109.4769749,86
840,92,077,1,42.7370707,-108.8392939,64
840,92,079,1,42.3149627,-108.2040709,86
840,92,081,1,42.2318677,-107.6910709,86
840,92,082,1,42.1622097,-107.4353169,86
840,92,086,1,42.4363077,-105.8889389,62
840,92,093,1,41.2656687,-110.2636939,86
840,92,095,0,41.6551307,-109.6586379,86
840,92,103,1,41.1288187,-107.6483229,86
840,92,104,1,41.6851957,-106.3898999,86
840,92,108,1,41.9956527,-105.5510869,86
840,92,109,1,41.1540867,-105.9513469,86
840,92,120,1,42.8372527,-105.8112249,39
840,92,173,1,42.8302007,-110.4214479,86
840,92,195,1,41.7809847,-109.7624669,86
840,92,208,0,43.9867047,-110.6663889,64
840,92,292,1,41.5877197,-110.5805950,86
840,92,308,1,43.9952427,-110.6728970,64
840,92,900,0,44.6666667,-110.6666667,64
840,92,901,1,44.7718717,-110.4577709,64
